<?xml version="1.0" encoding="UTF-8"?>
<!DOCTYPE suite SYSTEM "http://testng.org/testng-1.0.dtd">
<suite name="Suite">
   
   <parameter name = "URL" value = "qaclickacademy"/><!-- -passing the URL -->
   <parameter name = "Userid" value = "135645214"/><!-- -passing the Userid -->
   
  <test name="Test">
   
   <parameter name = "URL" value = "Facebook"/>
   
    <classes>
      <class name="testng_1.Day1"/>
      <class name="testng_1.Day2"/>
    </classes>
  </test> <!-- Test -->
</suite> <!-- Suite -->
