<?xml version="1.0" encoding="UTF-8"?>
<!DOCTYPE suite SYSTEM "http://testng.org/testng-1.0.dtd">
<suite name="Suite" >

   <listeners><!--you should mention the location of listeners class in xml file in the following way-->
     
     <listener class-name = "TestNG_listeners.Maven_Screenshot.ExtentReporterNG"/>
   
   </listeners>

  <test name="Test">
    <classes>
      <class name="TestNG_listeners.Maven_Screenshot.ScreenshotTest"/>
    </classes>
  </test> <!-- Test -->
</suite> <!-- Suite -->
